Username,Email,Password
mcguirepamela,mwatson@terpmail.umd.edu,VK+8Q!j38$
christineking,oscar_edwards@terpmail.umd.edu,G3k4Qr5W1$
mcollins,coleman_emily@umd.edu,u6R+G3nq%n
fpalmer,jthompson@umd.edu,*i6GNaM#0y
dmcneil,clee@umd.edu,_zTApj6U60
longsteven,rivera_theodore@umd.edu,O)@1ZXyjKp
garrettangela,brooklynh1992@terpmail.umd.edu,@*1LiRddat
qgarrett,charlie_t@terpmail.umd.edu,^1cBJx%Z9h
lisa85,theodore.murphy.1990@terpmail.umd.edu,#*XLOmerk4
david43,colton_s@umd.edu,$4FSF5aL*8
nthompson,annal@umd.edu,m#5xX8Lva^
michelle57,jack.clark@umd.edu,Z$5uQKefpi
gonzalezjames,mwatson@terpmail.umd.edu,d^8DQ9mcFl
christinashaw,mohammed.coleman@umd.edu,00A1j_R3+N
meghan21,jack.clark@umd.edu,VO*8YPs0cd
kimberlyriley,oscar_n@umd.edu,v*4BPH_dMj
perkinseric,eperry@terpmail.umd.edu,@0dKn9)PX9
kimberlyortiz,lucywashington_1997@umd.edu,&3FKeLb0^g
jensenkyle,alex_h@terpmail.umd.edu,d!65DE@try
chandlerconnie,daniel_m@terpmail.umd.edu,EcKiSsuZ@6
reneehawkins,lily_a@umd.edu,)ik8MPgq8F
gdunn,lopez_elizabeth_2000@umd.edu,@QdIo+UtZ7
barbara37,nicholas_s@umd.edu,_Ti5mG0mCB
robert06,awalker@terpmail.umd.edu,f^M1S7oFF8
gonzalezdaniel,powell_lincoln_2000@umd.edu,^(TcklaZR2
vhoffman,cameronreed@umd.edu,2wGA(CIt(5
scottebony,liam.torres@terpmail.umd.edu,M3nw6$Gb*Z
rlong,mohammed.jenkins@terpmail.umd.edu,m^m23IZewR
olsonlisa,ngonzales@terpmail.umd.edu,he#2dIj!a#
scastillo,isaac_powell_1997@umd.edu,cy+)8U+cKI
shellymaxwell,baker_david@terpmail.umd.edu,2r+HGLuy(R
rebecca61,evanj@terpmail.umd.edu,&89^AsvE_N
sandra73,powell_lincoln_2000@umd.edu,@M9MN1el!m
kerrybowman,powell_lincoln_2000@umd.edu,288OE_hj&&
henry32,mohammed_r@terpmail.umd.edu,@0uQvBIbI(
john73,gjenkins_1994@umd.edu,@9TdsCmfB!
vcarter,elizabethw@umd.edu,t77Wvezn1%
danieldecker,ngonzales@terpmail.umd.edu,12PCj4DX(&
jessicamurray,cameronreed@umd.edu,_oOykS73R1
elizabeth04,leahj@umd.edu,a%s!3ZofYC
ohendrix,cameronreed@umd.edu,N#nJ)vPz)0
rhonda80,isabellem@terpmail.umd.edu,BW_9XQCk(8
richard89,christian_jenkins_2003@umd.edu,+6#5IJXtRq
elizabethchavez,jack_w@umd.edu,_5QaKktAlO
pgarrison,christian_jenkins_2003@umd.edu,xA(CfPb_!7
steve70,lewis_adam_1998@umd.edu,M!3MtAsWmi
pamelajones,lmartinez@umd.edu,e)T^0XXt@D
qmoore,gstewart@terpmail.umd.edu,e4ED*7mR%&
oglover,christian_jenkins_2003@umd.edu,f10Z4mRS6@
owensveronica,luke_l@terpmail.umd.edu,#J8JeWg^&t
cynthiabanks,davida@umd.edu,4A8Brv!lW)
shannonmcdonald,liam.rivera@umd.edu,#8U*hJcq#@
ashley05,jonathanlewis@umd.edu,Z6EuH*&i*k
rgonzales,mohammed.coleman@umd.edu,$8ECKOvrT6
gmartin,owen_w@terpmail.umd.edu,z&1Ay4Ug*9
zshaw,carter_r@umd.edu,!u+h8DXvP^
shannonmccoy,colton_s@umd.edu,7ne8I6Qg*y
paige05,ruby_harris@umd.edu,*T$&jEh22(
randy07,avalong_1995@terpmail.umd.edu,*ZC4FnI3r7
laurataylor,murphy_charles@terpmail.umd.edu,#Ni18DNu@W
howellbetty,evanj@terpmail.umd.edu,)mw0Elmza+
egriffin,leahj@umd.edu,9596Hwsi^E
jack87,mia.roberts@terpmail.umd.edu,E%0Y@Nm2Ac
collinsjoshua,jalexander@terpmail.umd.edu,_nmUojih1C
hmccullough,daniel_washington@terpmail.umd.edu,#BJ13Qdwk1
derekwagner,erivera@terpmail.umd.edu,p37SZNKn_6
andrewhess,colton_bell@umd.edu,(N#4Vi$4*^
hnelson,theodoremartinez@terpmail.umd.edu,l#9W6#j^fs
milleramanda,abigail.thomas.1996@terpmail.umd.edu,J!g0wQcc^)
kennethmartin,charlie_t@terpmail.umd.edu,E1R#Omy1+0
jpayne,carter_r@umd.edu,$Wc5GfIakj
parsonsemily,ruby_harris@umd.edu,I4YE8Q!m%U
jordanbrooks,brown_joshua@terpmail.umd.edu,!!vv8RHk8Y
nhuff,leahj@umd.edu,%4Mi1cis$s
karen21,arodriguez@umd.edu,OjNK^5Dsxw
ybaker,rubyjohnson@umd.edu,!6Q2uOLa!2
floreswanda,oscar_n@umd.edu,C4pDu*(J_j
espinozajason,clee@umd.edu,NELu1web%7
laraamy,daniel_m@terpmail.umd.edu,#P2kY!sh9S
vanessablanchard,jackson_hudson@terpmail.umd.edu,M1&As38Z#)
gonzalezbilly,powell_lincoln_2000@umd.edu,_%r0HwPhkT
amcdonald,brown_joshua@terpmail.umd.edu,%1kR8AEwXH
murphykim,emma_alexander@terpmail.umd.edu,X*@8&4Rs4S
carrie52,alexander.young@terpmail.umd.edu,91wVmeNW*3
quinnkaren,colton_bell@umd.edu,9CJ9ZQcF^H
josekelly,josiahrobinson@umd.edu,7+^9UDSgP(
ashleytyler,arodriguez@umd.edu,NU5Xb_Xa^^
longalexander,maverick.cook@umd.edu,m02iO4qd$!
joshua35,murphy_charles@terpmail.umd.edu,!JV6Oj_$!2
amanda58,gjenkins_1994@umd.edu,nbb%^LGl+6
andrewwest,hmurphy@umd.edu,Z7a1NUfw$&
leblancmarisa,everly.roberts@terpmail.umd.edu,^&0Ln89(kD
timothy09,calebp@terpmail.umd.edu,Z(w1O*Mek7
mhutchinson,powell_lincoln_2000@umd.edu,^N8gMUex$2
lisadavidson,david.allen@terpmail.umd.edu,#fX0m@Uaat
samantha47,lopez_paisley@umd.edu,!9UNtj*F6h
vickirich,leahj@umd.edu,B_I4XETm1$
vanessa60,eperry@terpmail.umd.edu,&2AwwCkK1(
gibsongerald,maverick.cook@umd.edu,*70Ag*Qm*X
susan72,annal@umd.edu,)20P%WDuP!
